Table Names,cruise,datetime,lat,lon,depth,dfe,Rrs_443,Rrs_490,Rrs_560,Rrs_665,sensor,Rrs_443 / Rrs_490,Rrs_443 / Rrs_560,Rrs_443 / Rrs_665,Rrs_490 / Rrs_560,Rrs_490 / Rrs_665,Rrs_560 / Rrs_665
,,2014-04-10 00:00:00,-8.49846,80.802,,0.205854,0.008878001,0.006096001,0.001440001,0.000160001,modis,1.4563647545333407,6.165274190781812,55.487159455253405,4.2333310879645225,38.09976812644921,8.999950000312499
,,2014-05-14 00:00:00,-5.26734,67.9001,,0.204878,0.008748001,0.005846001,0.001172001,0.000122001,modis,1.4964077152911879,7.464158307032162,71.70433848902879,4.988051204734467,47.91764821599823,9.606486832075147
,,2013-04-23 00:00:00,-6.5027,97.6657,,0.241378,0.009574001,0.006820001,0.001758001,0.000244001,modis,1.403812257505534,5.445958790694659,39.237548206769645,3.8794067807697497,27.950709218404842,7.204892602899168
,,2013-04-28 00:00:00,3.24583,92.9338,,0.174963,0.010108001,0.007038001,0.001780001,0.000216001,modis,1.4362034049156855,5.678649056938732,46.79608427738761,3.9539309247579077,32.58318711487447,8.24070721894806
,,2015-10-03 00:00:00,21.85,61.5,,0.37561,0.002600001,0.002986001,0.001368001,6.2e-05,modis,0.8707301169691504,1.9005841369998997,41.9355,2.1827476734300633,48.1613064516129,22.064532258064514
,,2008-02-13 00:00:00,-42.3413,8.99384,,0.35122,0.008420001,0.006928001,0.002004001,0.000200001,modis,1.215357936582284,4.201595208784826,42.099794501027496,3.4570846022531923,34.639831800840994,10.0199549002255
,,2011-07-03 00:00:00,33.82482,-121.7257,,0.59182294,0.003538001,0.003388001,0.001356001,0.000102001,modis,1.044273894842416,2.6091433560889703,34.685944255448476,2.498523968640141,33.21537043754473,13.293997117675316
,,2011-07-03 00:00:00,33.83633,-121.7088,,0.39691858,0.003192001,0.003152001,0.001406001,0.000112001,modis,1.0126903513038223,2.2702693668069935,28.499754466477977,2.241819884907621,28.14261479808216,12.553468272604709
,,2011-07-03 00:00:00,33.84742,-121.6931,,0.14194246,0.003066001,0.003044001,0.001372001,0.000112001,modis,1.007227330083006,2.2346929776290247,27.374764511031152,2.2186580038935833,27.178337693413454,12.249899554468264
,,2011-07-03 00:00:00,33.85985,-121.6746,,0.25419334,0.003066001,0.003044001,0.001372001,0.000112001,modis,1.007227330083006,2.2346929776290247,27.374764511031152,2.2186580038935833,27.178337693413454,12.249899554468264
,,2011-07-03 00:00:00,33.88623,-121.6392,,0.09919066,0.002866001,0.002890001,0.001406001,0.000110001,modis,0.9916955046036315,2.038406089327106,26.054317688021015,2.0554757784667292,26.27249752274979,12.78171107535386
,,2002-08-08 00:00:00,36.41,-122.22,,0.22,0.002532001,0.002626001,0.002054001,0.000324001,modis,0.9642041263502945,1.2327165371389788,7.814793781500675,1.2784808770784435,8.104916342850794,6.339489692933047
,,2002-10-08 00:00:00,36.41,-122.22,,0.46,0.003220001,0.002914001,0.002106001,0.000298001,modis,1.1050102590905082,1.528964611127915,10.805336223703948,1.3836655348216833,9.778494031899221,7.067093734584784
,,2003-01-06 00:00:00,36.41,-122.22,,0.32,0.002084001,0.002584001,0.001718001,0.000226001,modis,0.806501622870889,1.2130382927600156,9.221202561050614,1.5040742118310757,11.433582152291361,7.601740700262388
,,2003-03-06 00:00:00,36.41,-122.22,,0.51,0.001314001,0.002242001,0.001604001,0.000142001,modis,0.5860840383211248,0.8192021077293592,9.253463003781663,1.3977553629954096,15.788628249096837,11.295702142942655
,,2003-05-12 00:00:00,36.41,-122.22,,0.54,0.001842001,0.002452001,0.001868001,0.000168001,modis,0.7512235924863,0.9860813779007613,10.964226403414266,1.3126336656136695,14.595157171683502,11.118987386979839
,,2003-06-24 00:00:00,36.41,-122.22,,0.33,0.001798001,0.001872001,0.001964001,0.000350001,modis,0.9604701065864815,0.9154786581065896,5.137131036768467,0.9531568466614835,5.348559004117131,5.611415395956011
,,2003-09-17 00:00:00,36.41,-122.22,,0.29,0.003688001,0.003708001,0.001500001,0.000102001,modis,0.9946062581968022,2.4586656942228706,36.156518073352224,2.471999018667321,36.352594582406056,14.705747982862912
,,2003-11-18 00:00:00,36.41,-122.22,,0.42,0.001794001,0.002142001,0.001606001,0.000160001,modis,0.8375350898528992,1.1170609482808542,11.212436172273923,1.3337482355241375,13.387422578608884,10.037443515978024
,,2004-01-21 00:00:00,36.41,-122.22,,0.45,0.002082001,0.003168001,0.002704001,0.000330001,modis,0.6571970779049627,0.769970499271265,6.309074820985391,1.171597569675455,9.59997393947291,8.19391759418911
,,2004-03-10 00:00:00,36.41,-122.22,,0.75,0.000588001,0.002370001,0.003370001,0.000638001,modis,0.2481015830795008,0.17448095712731243,0.9216302168805378,0.7032641830076608,3.7147292872581703,5.2821249496474145
,,2004-11-30 00:00:00,36.41,-122.22,,1.43,0.001866001,0.002190001,0.001350001,0.000202001,modis,0.8520548620754054,1.38222193909486,9.237582982262465,1.6222217613172139,10.841535437943376,6.683140182474344
,,2002-09-08 00:00:00,36.44,-122.1,,0.43,0.000724001,0.001396001,0.001300001,5.8e-05,modis,0.518624986658319,0.5569234177512171,12.482775862068966,1.0738460970414638,24.068982758620688,22.41381034482759
,,2002-10-08 00:00:00,36.44,-122.1,,0.3,0.002310001,0.002318001,0.001760001,0.000260001,modis,0.996548750410375,1.3124998224432827,8.884585059288233,1.317045274406094,8.915354171714725,6.7692085799670005
,,2002-10-28 00:00:00,36.44,-122.1,,0.35,0.001850001,0.002244001,0.001712001,7.2e-05,modis,0.8244207556057239,1.080607429551735,25.694458333333333,1.310747482040022,31.16668055555555,23.77779166666667
,,2002-11-26 00:00:00,36.44,-122.1,,2.21,0.002056001,0.002402001,0.001580001,0.000168001,modis,0.8559534321592706,1.3012656321103595,12.238028345069374,1.5202528352830156,14.29753989559586,9.40471187671502
,,2003-01-06 00:00:00,36.44,-122.1,,0.95,0.002098001,0.002750001,0.001912001,0.000212001,modis,0.7629091771239355,1.097280283849224,9.896184451960133,1.438284289600267,12.971641643199797,9.01883009985802
,,2003-03-06 00:00:00,36.44,-122.1,,0.76,0.001584001,0.002332001,0.001530001,8.4e-05,modis,0.6792454205637133,1.0352940945790232,18.857154761904763,1.5241826639328995,27.76191666666667,18.21429761904762
,,2003-03-27 00:00:00,36.44,-122.1,,2.04,0.000204001,0.000856001,0.001078001,-0.000101999,modis,0.23831864682401072,0.18924008419287178,-2.0000294120530593,0.7940632708132923,-8.392248943617094,-10.568740870008531
,,2003-05-12 00:00:00,36.44,-122.1,,2.56,0.001812001,0.002584001,0.002068001,5.8e-05,modis,0.7012385057126526,0.8762089573457653,31.241396551724137,1.2495163203499418,44.55174137931034,35.655189655172414
,,2003-06-24 00:00:00,36.44,-122.1,,0.75,0.001290001,0.001518001,0.001704001,0.000218001,modis,0.8498024704858561,0.7570423961018803,5.917408635740203,0.8908451344805549,6.963275397819276,7.816482493199572
,,2003-09-17 00:00:00,36.44,-122.1,,0.25,0.003156001,0.003358001,0.001410001,4.2e-05,modis,0.9398451638340786,2.2382969941156072,75.14288095238095,2.38155930385865,79.95240476190477,33.57145238095238
,,2004-01-21 00:00:00,36.44,-122.1,,0.42,0.002382001,0.003754001,0.003064001,0.000302001,modis,0.6345232726363152,0.7774152162482976,7.8873944126012825,1.2251957489570011,12.43042572706713,10.145665080579203
,,2004-03-10 00:00:00,36.44,-122.1,,1.16,0.001074001,0.002688001,0.002638001,0.000316001,modis,0.39955379480885606,0.4071268358124201,3.398726586308271,1.0189537456581708,8.506305359793165,8.348078012411353
,,2004-05-25 00:00:00,36.44,-122.1,,0.69,0.001042001,0.001470001,0.001852001,0.000400001,modis,0.7088437354804521,0.5626352253589496,2.6049959875100317,0.793736612453233,3.674993312516719,4.629990925022688
,,2004-06-15 00:00:00,36.44,-122.1,,0.68,0.000628001,0.001376001,0.001678001,0.000104001,modis,0.45639574389844195,0.37425543846517373,6.038413092181806,0.8200239451585547,13.230651628349728,16.134469860866723
,,2004-11-30 00:00:00,36.44,-122.1,,1.42,0.001552001,0.001938001,0.001524001,0.000238001,modis,0.8008256961683714,1.0183726913565017,6.520985205944513,1.271653365056847,8.142827130978441,6.40333864143428
,,2003-07-26 00:00:00,31.13,-64.92,,1.3,0.013138001,0.007914001,0.001622001,0.000206001,modis,1.6600959489391016,8.099872318204488,63.776394289348104,4.879159137386475,38.417294090805385,7.873753040033787
,,2003-07-28 00:00:00,31.28,-64.88,,1.13,0.012206001,0.007390001,0.001392001,0.000146001,modis,1.6516913867805971,8.768672579976595,83.60217395771262,5.3089049504993175,50.616098519873155,9.534188121999165
,,2004-04-29 00:00:00,31.43,-63.43,,0.14,0.008456001,0.006410001,0.001328001,0.000126001,modis,1.3191887177552701,6.367465837751627,67.11058642391727,4.826804347285883,50.87262005857097,10.539606828517236
,,2004-04-29 00:00:00,31.43,-63.43,,0.15,0.008456001,0.006410001,0.001328001,0.000126001,modis,1.3191887177552701,6.367465837751627,67.11058642391727,4.826804347285883,50.87262005857097,10.539606828517236
,,2003-07-26 00:00:00,33.747,-120.415,,0.72,0.003200001,0.003326001,0.002660001,0.000492001,modis,0.9621166680346759,1.2030074424784052,6.5040538535490775,1.2503758457233662,6.760150894002247,5.406495108749779
,,2003-07-26 00:00:00,33.873,-120.133,,1.02,0.002638001,0.003054001,0.002394001,0.000400001,modis,0.8637852443401295,1.1019214277688272,6.594986012534969,1.2756891078992865,7.6349834125414695,5.984987537531157
,,2004-03-28 00:00:00,32.417,-119.958,,0.38,0.001688001,0.002270001,0.001082001,0.000100001,modis,0.7436124477478204,1.5600734195254902,16.879841201587986,2.0979657135252183,22.699783002169976,10.81990180098199
,,2004-03-29 00:00:00,33.418,-117.902,,0.39,0.001682001,0.002326001,0.000870001,-0.000211999,modis,0.7231299556620999,1.9333322605376315,-7.93400440568116,2.6735612947571323,-10.971754583748037,-4.103797659422922
,,2004-04-03 00:00:00,33.578,-120.757,,0.58,0.001832001,0.002400001,0.001544001,0.000200001,modis,0.7633334319444033,1.1865283766007924,9.159959200204,1.5544037860079107,11.999945000275,7.719966400167999
,,2004-04-03 00:00:00,33.747,-120.415,,2.6,0.001262001,0.001996001,0.001642001,0.000270001,modis,0.6322647132942318,0.7685750495888858,4.674060466442716,1.215590611698775,7.392568916411419,6.081462661249402
,,2003-04-17 00:00:00,34.15,-121.152,,0.16,0.001746001,0.001970001,0.002152001,0.000438001,modis,0.8862944739621961,0.8113383776308654,3.986294551838923,0.9154275485931465,4.49770890934039,4.913233074810332
,,2003-04-19 00:00:00,34.888,-121.198,,0.16,0.000584001,0.001460001,0.001740001,0.000270001,modis,0.4000004109586226,0.33563256572841055,2.1629586557086826,0.8390805522525563,5.4073910837367265,6.4444242799100735
,,2003-04-19 00:00:00,35.02,-120.918,,0.28,9.2e-05,0.000840001,0.001690001,0.000322001,modis,0.10952367913847721,0.05443783761074698,0.285713398405595,0.4970417177267943,2.6086906562401984,5.2484340110745
,,2003-04-19 00:00:00,35.088,-120.778,,3.47,-0.000135999,0.001156001,0.001614001,-0.000215999,modis,-0.11764609200165052,-0.08426202957742901,0.6296279149440507,0.7162331374020214,-5.351881258709531,-7.4722614456548415
,,2003-01-31 00:00:00,32.51,-118.215,,1.57,0.003688001,0.003522001,0.001218001,0.000136001,modis,1.047132297804572,3.0279129491683507,27.117455018713102,2.8916240627060237,25.896875758266486,8.955823854236368
,,2003-01-31 00:00:00,32.908,-117.397,,4.0,0.002792001,0.003112001,0.001234001,-1.6e-05,modis,0.8971722695461859,2.262559754813813,-174.5000625,2.521878831540655,-194.5000625,-77.1250625
,,2003-01-31 00:00:00,32.845,-117.533,,1.57,0.002980001,0.003260001,0.001170001,2.6e-05,modis,0.9141104557943387,2.54700722478015,114.61542307692308,2.7863232595527694,125.38465384615384,45.00003846153846
,,2003-02-06 00:00:00,33.418,-117.902,,1.31,0.003346001,0.003760001,0.001790001,0.000112001,modis,0.8898936463048813,1.8692732573892417,29.874742189801875,2.1005580443809806,33.57113775769859,15.982009089204562
,,2003-02-05 00:00:00,33.187,-118.39,,0.45,0.002538001,0.002734001,0.001002001,3.2e-05,modis,0.928310194473228,2.5329326018636706,79.31253124999999,2.7285411890806497,85.43753124999999,31.31253125
,,2003-02-06 00:00:00,33.483,-117.767,,2.28,0.002360001,0.002924001,0.001470001,-7.4e-05,modis,0.8071136090582732,1.6054417650056019,-31.891905405405407,1.9891149733911744,-39.513527027027024,-19.864878378378382
,,2003-02-06 00:00:00,33.888,-118.492,,4.44,0.001214001,0.002030001,0.001514001,5.4e-05,modis,0.5980297546651454,0.8018495364269904,22.4815,1.3408187973455763,37.59261111111111,28.037055555555558
,,2002-11-12 00:00:00,31.85,-119.567,,0.24,0.004364001,0.004072001,0.001508001,0.000212001,modis,1.0717092161814303,2.8938979483435356,20.584813279182647,2.700264124493286,19.207461285559972,7.113178711421172
,,2002-11-11 00:00:00,32.908,-117.397,,0.31,0.002958001,0.003010001,0.001412001,8.8e-05,modis,0.9827242582311435,2.094900074433375,33.61364772727273,2.1317272438192325,34.20455681818182,16.045465909090908
,,2002-11-14 00:00:00,30.747,-123.333,,0.13,0.005136001,0.004270001,0.000880001,0.000102001,modis,1.2028102569531016,5.836358140502113,50.35245732884972,4.8522683496950565,41.862344486818756,8.627376202194096
,,2002-11-15 00:00:00,31.417,-121.99,,0.07,0.006470001,0.005324001,0.001724001,0.000258001,modis,1.2152516500278645,3.7528986352096085,25.077426056488154,3.088165842131182,20.635582807818576,6.6821485188041905
,,2002-11-19 00:00:00,31.99,-122.395,,0.14,0.004312001,0.003778001,0.000996001,0.000130001,modis,1.141344589374116,4.32931392639164,33.16898331551296,3.793169886375616,29.061322605210727,7.661487219329082
,,2002-11-18 00:00:00,32.995,-120.347,,0.12,0.002516001,0.002598001,0.001016001,0.000120001,modis,0.9684372715791872,2.476376499629429,20.96650027916434,2.5570850816091713,21.64982791810068,8.46660444496296
,,2002-11-18 00:00:00,33.322,-119.667,,0.3,0.002922001,0.003004001,0.001824001,0.000226001,modis,0.9727030716700826,1.601973354181275,12.929150755970106,1.646929469885159,13.291981008933588,8.070765173605427
,,2002-11-21 00:00:00,33.747,-120.415,,0.13,0.003952001,0.004234001,0.001852001,0.000234001,modis,0.9333963312715325,2.133908674995316,16.888820987944495,2.2861764113518297,18.093944042974176,7.914500365383054
,,2002-11-21 00:00:00,34.227,-119.408,,1.81,0.001174001,0.001972001,0.001906001,0.000244001,modis,0.5953348908038079,0.6159498342340849,4.811459789099225,1.0346274739625005,8.081938188777915,7.8114474940676475
,,2002-11-25 00:00:00,35.02,-120.918,,0.52,0.000720001,0.001640001,0.001236001,7.4e-05,modis,0.43902473230199246,0.582524609607921,9.729743243243243,1.3268605769736432,22.162175675675677,16.702716216216217
,,2002-11-25 00:00:00,35.088,-120.778,,7.75,0.000988001,0.002080001,0.001670001,3.2e-05,modis,0.4750002524037248,0.5916170110077779,30.875031250000003,1.2455088350246497,65.00003125,52.18753125
,,2003-04-16 00:00:00,34.273,-120.028,,0.21,0.000650001,0.000998001,0.001796001,0.000328001,modis,0.6513029546062579,0.3619157227640742,1.9817043240721826,0.555679534699591,3.042676699156405,5.475596110987466
,,2003-04-16 00:00:00,34.18,-119.508,,0.34,0.000876001,0.001376001,0.002034001,0.000310001,modis,0.6366281710551083,0.4306787459789842,2.825800561933671,0.6764996674042932,4.438698584843275,6.561272382992313
,,2003-04-05 00:00:00,32.908,-117.397,,0.62,0.000966001,0.001642001,0.000964001,-0.000215999,modis,0.5883071934791757,1.0020746866445158,-4.472247556701651,1.7033187724908998,-7.601891675424422,-4.462988254575253
,,2003-04-05 00:00:00,32.845,-117.533,,0.47,0.002016001,0.002484001,0.001174001,-3.2e-05,modis,0.8115942787462646,1.7172055219714462,-63.00003125,2.115842320406882,-77.62503125,-36.687531250000006
,,2004-07-14 00:00:00,32.18,-118.893,,0.22,0.006428001,0.006066001,0.002988001,0.000370001,modis,1.0596768777321337,2.151271368383076,17.372928721814265,2.030120137175322,16.394552987694627,8.075656552279588
,,2004-07-19 00:00:00,33.418,-117.902,,0.26,0.004438001,0.004128001,0.001628001,0.000114001,modis,1.0750968810327322,2.726043165821151,38.92949184656275,2.5356255923675723,36.21021745423286,14.280585258024054
,,2004-07-20 00:00:00,33.488,-119.317,,0.46,0.002852001,0.002934001,0.001328001,0.000132001,modis,0.9720518159332597,2.147589497297065,21.60590450072348,2.2093364387526813,22.22711191581882,10.06053742017106
,,2004-07-19 00:00:00,33.823,-118.63,,0.54,0.004164001,0.003930001,0.001666001,0.000138001,modis,1.059541969582196,2.4993988599046455,30.173701639843184,2.3589427617390384,28.478061753175698,12.072383533452657
,,2004-07-24 00:00:00,34.273,-120.028,,1.2,0.002676001,0.002730001,0.001896001,0.000184001,modis,0.9802197874652793,1.411392188084289,14.543404655409482,1.4398731857208937,14.836881321297168,10.304297259254026
GEOTRACES_IDP2021_Seawater_Discrete_Sample_Data_v1.csv,GA01,6/26/2014,52.9954,-51.09689,14.4,0.28,0.003401243,0.00378622,0.003242595,0.000496156,viirs,0.8983215449709737,1.048926245800046,6.855188690653746,1.1676512176204552,7.631107957980958,6.535434419819573
GEOTRACES_IDP2021_Seawater_Discrete_Sample_Data_v1.csv,GA02,8/9/2012,41.4344,-46.14648,10.0,0.180535,0.007093673,0.005433942,0.001637035,0.00017413,viirs,1.3054377466671525,4.333244554942319,40.73779934531672,3.319380465292434,31.206236719692185,9.401223224028026
GEOTRACES_IDP2021_Seawater_Discrete_Sample_Data_v1.csv,GApr08,7/18/2017,23.3666,-44.95001,14.1,0.862982,0.010129373,0.006741861,0.001505545,0.000284297,viirs,1.502459484109803,6.728043997356439,35.62954586224969,4.478020251802503,23.714147528816696,5.2956767042916395
GEOTRACES_IDP2021_Seawater_Discrete_Sample_Data_v1.csv,GI01,4/13/2014,-14.4909,76.9993,10.0,0.32,0.011302105,0.007293239,0.001913855,0.000241925,viirs,1.5496688097016977,5.905413419511928,46.71739175364265,3.810758390787181,30.146694223416347,7.910943474217215
GEOTRACES_IDP2021_Seawater_Discrete_Sample_Data_v1.csv,GI02,5/10/2014,-12.001,64.9997,5.0,0.118852,0.007810715,0.00594044,0.001664717,0.000165656,viirs,1.3148377897933488,4.69191760521458,47.150208866566864,3.5684383591925832,35.8600956198387,10.049240594967886
GEOTRACES_IDP2021_Seawater_Discrete_Sample_Data_v1.csv,GI02,5/10/2014,-12.001,64.9997,10.0,0.186832,0.007810715,0.00594044,0.001664717,0.000165656,viirs,1.3148377897933488,4.69191760521458,47.150208866566864,3.5684383591925832,35.8600956198387,10.049240594967886
GEOTRACES_IDP2021_Seawater_Discrete_Sample_Data_v1.csv,GI02,5/14/2014,-5.26734,67.9001,5.0,0.204878,0.008078768,0.005857092,0.001727001,0.000267348,viirs,1.3793138301395982,4.677917383950559,30.218172569085986,3.391481533594943,21.90811975402846,6.45974909107231
GEOTRACES_IDP2021_Seawater_Discrete_Sample_Data_v1.csv,GI02,5/14/2014,-5.26734,67.9001,10.0,0.221597,0.008078768,0.005857092,0.001727001,0.000267348,viirs,1.3793138301395982,4.677917383950559,30.218172569085986,3.391481533594943,21.90811975402846,6.45974909107231
GEOTRACES_IDP2021_Seawater_Discrete_Sample_Data_v1.csv,GI02,5/19/2014,6.9978,64.9985,5.0,0.334992,0.008159184,0.006235363,0.00184465,0.000326669,viirs,1.308533921762053,4.423161033258341,24.97691547101194,3.3802417802835225,19.087709577584647,5.6468474204776085
GEOTRACES_IDP2021_Seawater_Discrete_Sample_Data_v1.csv,GI02,5/19/2014,6.9978,64.9985,10.0,0.201119,0.008159184,0.006235363,0.00184465,0.000326669,viirs,1.308533921762053,4.423161033258341,24.97691547101194,3.3802417802835225,19.087709577584647,5.6468474204776085
GEOTRACES_IDP2021_Seawater_Discrete_Sample_Data_v1.csv,GI03,4/23/2013,-6.5027,97.6657,5.0,0.241378,0.008072067,0.005991731,0.001547068,0.000123284,viirs,1.3472011677426774,5.217654944708313,65.47538204470978,3.8729590425243106,48.60104311995068,12.54881412024269
GEOTRACES_IDP2021_Seawater_Discrete_Sample_Data_v1.csv,GI03,4/23/2013,-6.5027,97.6657,10.0,0.168805,0.008072067,0.005991731,0.001547068,0.000123284,viirs,1.3472011677426774,5.217654944708313,65.47538204470978,3.8729590425243106,48.60104311995068,12.54881412024269
GEOTRACES_IDP2021_Seawater_Discrete_Sample_Data_v1.csv,GI03,4/28/2013,3.24583,92.9338,5.0,0.174963,0.008614874,0.0063123,0.00171316,0.000182604,viirs,1.3647757552714541,5.028645310420509,47.17790409848634,3.6845945504214432,34.56824604061247,9.381831723291933
GEOTRACES_IDP2021_Seawater_Discrete_Sample_Data_v1.csv,GI03,4/28/2013,3.24583,92.9338,10.0,0.193287,0.008614874,0.0063123,0.00171316,0.000182604,viirs,1.3647757552714541,5.028645310420509,47.17790409848634,3.6845945504214432,34.56824604061247,9.381831723291933
GEOTRACES_IDP2021_Seawater_Discrete_Sample_Data_v1.csv,GIpr05,1/21/2016,-51.287,73.8089,14.0,0.119821,0.005150289,0.005600638,0.002709715,0.000343617,viirs,0.9195896967452637,1.900675532297677,14.988458079780685,2.06687345348127,16.2990713497877,7.885858383025287
GEOTRACES_IDP2021_Seawater_Discrete_Sample_Data_v1.csv,GN02,8/10/2015,74.5214,-80.56979,9.6,1.103811,0.006591073,0.007479168,0.005934678,0.001046989,viirs,0.8812575142047886,1.110603304846531,6.295264802209002,1.2602483234979218,7.143501985216655,5.668328893617794
GEOTRACES_IDP2021_Seawater_Discrete_Sample_Data_v1.csv,GN02,8/11/2015,74.3174,-80.49951,10.7,0.523485,0.003629088,0.003940093,0.002349848,0.00030972,viirs,0.9210665839613429,1.5443926585889811,11.71731886865556,1.6767437723631489,12.721467777347284,7.587007619785613
GEOTRACES_IDP2021_Seawater_Discrete_Sample_Data_v1.csv,GN02,8/11/2015,73.8164,-80.4827,8.7,0.857397,0.004466754,0.005395474,0.003318721,0.000436835,viirs,0.827870544830723,1.345926337284755,10.225265832637037,1.625769083933238,12.35128595465107,7.597195737521032
GEOTRACES_IDP2021_Seawater_Discrete_Sample_Data_v1.csv,GN02,8/14/2015,74.1229,-91.50479,9.1,0.401313,0.004272415,0.004882564,0.00263359,0.000352092,viirs,0.8750351249876089,1.6222779551866464,12.13437113027277,1.8539575256588914,13.867296047623917,7.47983481590039
GEOTRACES_IDP2021_Seawater_Discrete_Sample_Data_v1.csv,GN02,8/13/2015,74.5377,-90.80219,11.4,1.26421,0.003515166,0.00444018,0.002612828,0.00036904,viirs,0.7916719592448955,1.3453491772133488,9.525162584001734,1.6993770734238915,12.031703880338174,7.080067201387384
GEOTRACES_IDP2021_Seawater_Discrete_Sample_Data_v1.csv,GP02,9/29/2012,45.0,-132.0,10.0,0.038869,0.004466754,0.004279896,0.001727001,0.000208028,viirs,1.043659472099322,2.5864223587594912,21.47188839963851,2.4782243901422176,20.573653546637953,8.30177187686273
GEOTRACES_IDP2021_Seawater_Discrete_Sample_Data_v1.csv,GP02,7/21/2017,59.553,-144.155,11.0,0.267041,0.005398238,0.004760748,0.003014218,0.000453784,viirs,1.133905428306644,1.7909248767010215,11.896051866086067,1.5794305521365741,10.491220492569154,6.642406960139626
GEOTRACES_IDP2021_Seawater_Discrete_Sample_Data_v1.csv,GP02,7/22/2017,58.775,-144.49699,10.0,0.051184,0.004607481,0.004600464,0.002772,0.000385989,viirs,1.0015252809281845,1.6621504329004329,11.936819443041124,1.6596190476190475,11.918640168502213,7.181551805880479
GEOTRACES_IDP2021_Seawater_Discrete_Sample_Data_v1.csv,GP02,7/28/2017,47.0,-144.998,9.0,0.068868,0.006751906,0.005600638,0.001983061,0.000241925,viirs,1.2055601522540826,3.404789867785207,27.909087527126175,2.8242388912897787,23.150306913299573,8.197007336984601
GEOTRACES_IDP2021_Seawater_Discrete_Sample_Data_v1.csv,GP02,8/2/2017,46.999,-131.004,10.0,0.068909,0.005237406,0.004991558,0.001927696,0.000284297,viirs,1.0492527583572102,2.7169252828246777,18.42230484317457,2.5893906508080113,17.55754721294984,6.780571022557396
GEOTRACES_IDP2021_Seawater_Discrete_Sample_Data_v1.csv,GP19,1/13/2015,-38.999,-170.00101,10.5,0.092319,0.00905046,0.006620045,0.001782366,0.000165656,viirs,1.367129679632087,5.077778638057503,54.63406094557396,3.7141894537934403,39.96260322596223,10.759441251750616
GEOTRACES_IDP2021_Seawater_Discrete_Sample_Data_v1.csv,GP19,1/13/2015,-38.999,-170.00101,11.0,0.020564,0.00905046,0.006620045,0.001782366,0.000165656,viirs,1.367129679632087,5.077778638057503,54.63406094557396,3.7141894537934403,39.96260322596223,10.759441251750616
GEOTRACES_IDP2021_Seawater_Discrete_Sample_Data_v1.csv,GPc06,9/7/2015,40.0018,-159.99899,9.5,0.046194,0.009177785,0.006562343,0.002169915,0.000335143,viirs,1.3985530777650605,4.229559683213398,27.384683552990815,3.0242396591571556,19.580725242657614,6.474594426856596
GEOTRACES_IDP2021_Seawater_Discrete_Sample_Data_v1.csv,GPc06,8/27/2015,19.9994,-160.004,9.6,0.419077,0.008735498,0.006350768,0.001948458,0.00030972,viirs,1.375502616376476,4.483287810155518,28.204500839467908,3.2593815211823913,20.504868913857678,6.29103060829136
GEOTRACES_IDP2021_Seawater_Discrete_Sample_Data_v1.csv,GPc06,8/24/2015,7.17408,-159.98399,10.6,0.134101,0.011020649,0.00720348,0.001588591,0.000191079,viirs,1.529906239761893,6.937373433438815,57.67587751662925,4.53450888239956,37.69896220934797,8.313791677787721
GEOTRACES_IDP2021_Seawater_Discrete_Sample_Data_v1.csv,GPc06,9/12/2015,53.587,-160.00301,11.0,0.178084,0.004560572,0.004068321,0.00264051,0.000360566,viirs,1.120996106256119,1.727155738853479,12.648369507940293,1.5407330402081416,11.283152044285927,7.3232362452366555
GEOTRACES_IDP2021_Seawater_Discrete_Sample_Data_v1.csv,GPpr08,11/8/2014,-65.4067,-75.12851,10.0,0.19229,0.008380327,0.006107136,0.002529782,0.000385989,viirs,1.3722188272866365,3.3126676527858923,21.71131042594478,2.4140957600299155,15.822046742264677,6.554026151004304
GEOTRACES_IDP2021_Seawater_Discrete_Sample_Data_v1.csv,GPpr11,3/19/2016,-46.7702,141.98199,14.9,0.063,0.008259704,0.006370002,0.002688954,0.000343617,viirs,1.296656421771924,3.0717163625707244,24.03753015712261,2.3689516443940652,18.538087463658666,7.8254393699962455
GEOTRACES_IDP2021_Seawater_Discrete_Sample_Data_v1.csv,GS01,1/15/2018,-46.6498,145.252,13.9,0.064887,0.004078077,0.003940093,0.002342928,0.000352092,viirs,1.0350204931711002,1.7405899797176865,11.582418799631917,1.6816961511407948,11.190521227406474,6.654306260863639
GEOTRACES_IDP2021_Seawater_Discrete_Sample_Data_v1.csv,GS01,1/15/2018,-47.4699,144.89999,13.9,0.059566,0.005317822,0.004517116,0.001927696,0.000301245,viirs,1.1772604467098033,2.758641404038811,17.652814154591777,2.343271968194155,14.994824810370297,6.399097080449468
GEOTRACES_IDP2021_Seawater_Discrete_Sample_Data_v1.csv,GS01,1/20/2018,-51.5435,142.996,13.9,0.133726,0.005069873,0.005241601,0.002834285,0.000385989,viirs,0.9672374909879633,1.7887661262011405,13.134760317003852,1.849355657599712,13.5796641873214,7.3429165079833885
GEOTRACES_IDP2021_Seawater_Discrete_Sample_Data_v1.csv,GS01,1/22/2018,-54.071,141.60001,12.9,0.0,0.006966348,0.006152015,0.002128392,0.000250399,viirs,1.1323685004019008,3.2730568429123963,27.8209897004381,2.890452040789479,24.56884811840303,8.500001996813085
GEOTRACES_IDP2021_Seawater_Discrete_Sample_Data_v1.csv,GS01,1/25/2018,-58.8483,139.841,13.9,0.06507,0.008051962,0.007023962,0.00237753,0.000224976,viirs,1.1463561448652484,3.386692071183118,35.79031541142166,2.954310566007579,31.22093912239528,10.567927245572863
GEOTRACES_IDP2021_Seawater_Discrete_Sample_Data_v1.csv,GS01,1/30/2018,-63.8649,139.853,12.9,0.102916,0.007777208,0.006568754,0.002481338,0.00030972,viirs,1.1839700497232808,3.1342799731435216,25.11044814671316,2.64726288800639,21.20868526410952,8.011552369882475
GEOTRACES_IDP2021_Seawater_Discrete_Sample_Data_v1.csv,GS01,2/1/2018,-65.7089,139.855,13.9,0.0,0.008306613,0.006729039,0.002571305,0.00030972,viirs,1.2344426893647071,3.230504743700183,26.81975009686168,2.6169742601519466,21.726201084850835,8.302030866589178
GEOTRACES_IDP2021_Seawater_Discrete_Sample_Data_v1.csv,GS01,1/11/2018,-44.0171,146.31,13.9,0.218926,0.005773512,0.00570322,0.002896569,0.000284297,viirs,1.0123249672991748,1.993224397554486,20.30802998272933,1.9689570661013083,20.060781506663808,10.18853171155517
GEOTRACES_IDP2021_Seawater_Discrete_Sample_Data_v1.csv,GS01,1/11/2018,-44.119,146.22099,13.9,0.327139,0.006637983,0.006331533,0.002945013,0.000275822,viirs,1.0484006006128372,2.2539740911160666,24.06618398822429,2.149916825494489,22.955141359282436,10.677222991639535
GEOTRACES_IDP2021_Seawater_Discrete_Sample_Data_v1.csv,GSc01,1/9/2017,-53.133,81.721,15.0,0.1,0.007153985,0.006639279,0.002405212,0.000284297,viirs,1.0775243817890467,2.9743677480405055,25.163772392955256,2.7603716429154685,23.35332064706979,8.46020886608019
GEOTRACES_IDP2021_Seawater_Discrete_Sample_Data_v1.csv,GSc01,1/17/2017,-46.906,141.931,15.0,0.15,0.009599968,0.007382998,0.00263359,0.000487681,viirs,1.3002804551755263,3.6452021764967215,19.684933388834096,2.80339688410117,15.13899044662392,5.400230888634169
GEOTRACES_IDP2021_Seawater_Discrete_Sample_Data_v1.csv,GSc01,1/23/2017,-46.393,150.38901,15.0,0.028756,0.006376631,0.005401885,0.002578225,0.000402938,viirs,1.1804455296623306,2.47326397036721,15.825340374946022,2.095195337877804,13.406243640460817,6.398565039782795
GEOTRACES_IDP2021_Seawater_Discrete_Sample_Data_v1.csv,GSc01,1/26/2017,-59.6105,148.64,15.0,0.010254,0.011355716,0.008646038,0.002654351,0.000284297,viirs,1.3134011208370817,4.278151608434604,39.94314396564157,3.257307718534587,30.411991684752216,9.336542418667802
CCE_LTER_Dissolved Iron (Process Cruise).csv,P1408MV,8/20/2014,34.09215,-120.9698,15.0,0.35760783,0.002804825,0.003125849,0.001678558,0.000165656,viirs,0.8973002214758294,1.670972942251623,16.93162336407978,1.8622228126761184,18.86951876177138,10.132793258318442
CCE_LTER_Dissolved Iron (Process Cruise).csv,P1408MV,8/30/2014,32.87009,-123.897,15.0,0.253990597,0.008433938,0.006434116,0.001830809,0.00017413,viirs,1.3108153474385604,4.606672787822214,48.434721185321315,3.514356767964326,36.950071785447655,10.514035490725322
CCE_LTER_Dissolved Iron (Process Cruise).csv,P1706,6/12/2017,34.87214,-121.1535,9.8,0.731643468,0.001484664,0.001805107,0.00224604,0.00083513,viirs,0.8224797754371347,0.6610140513971255,1.7777639409433261,0.8036842620790369,2.161468274400393,2.689449546777148
CCE_LTER_Dissolved Iron (Process Cruise).csv,P1706,6/13/2017,34.73294,-121.7071,10.0,0.1127504,0.001759419,0.002132087,0.002758159,0.001072412,viirs,0.825209759264045,0.6378961473939682,1.6406185309377366,0.773010910538515,1.988123034803788,2.5719210527297345
CCE_LTER_Dissolved Iron (Process Cruise).csv,P1706,6/18/2017,34.37756,-122.157,10.0,0.229812634,0.003300723,0.003657993,0.00329796,0.000614797,viirs,0.9023316884422689,1.0008377906342103,5.368801409245654,1.109168395007823,5.949920054912434,5.364307242878543
CCE_LTER_Dissolved Iron (Process Cruise).csv,P1706,6/18/2017,34.75477,-122.3798,10.0,0.40216249,0.002516668,0.00285016,0.002917331,0.000852079,viirs,0.8829918320374996,0.8626611104465006,2.9535618176248915,0.9769751872516351,3.344948062327554,3.423779954675564
CCE_LTER_Dissolved Iron (Process Cruise).csv,P1706,6/18/2017,34.83019,-122.4246,10.0,0.39050876,0.002174901,0.002414187,0.002550543,0.000792758,viirs,0.9008834029841102,0.8527207735764502,2.743461434637052,0.9465384429903749,3.0453013403838245,3.2173033889282734
CCE_LTER_Dissolved Iron (Process Cruise).csv,P1706,6/18/2017,35.12409,-122.6007,10.0,0.32450996,0.003776517,0.003754163,0.001900014,0.000318194,viirs,1.0059544564261063,1.9876258806514058,11.868599030779965,1.975860704184285,11.798346291884826,5.971243958088462
Dissolved Iron (CalCOFI Cruise)_2.csv,2003-07-17-C-32NM,7/26/2003,33.747,-120.415,0.0,0.72,0.002937752,0.003157031,0.002455223,0.000369728,occci,0.9305426522577701,1.1965316388776093,7.945711441924875,1.2858428745576267,8.538793383243897,6.640619590617968
Dissolved Iron (CalCOFI Cruise)_2.csv,2003-07-17-C-32NM,7/26/2003,33.873,-120.133,0.0,1.02,0.002413602,0.002847021,0.002331782,0.000351864,occci,0.8477640312452911,1.0350890434869124,6.859474114998976,1.220963623529129,8.091254007230065,6.62694109087602
Dissolved Iron (CalCOFI Cruise)_2.csv,2004-03-23-C-32NM,3/25/2004,31.85,-119.567,0.0,0.11,0.005095109,0.004341609,0.001624171,0.000128824,occci,1.1735531688827805,3.1370520714875463,39.55092995094081,2.673123088640297,33.701864559398864,12.60767403589393
Dissolved Iron (CalCOFI Cruise)_2.csv,2004-03-23-C-32NM,3/25/2004,32.18,-118.893,0.0,0.27,0.004175054,0.003830487,0.001303235,8.98e-05,occci,1.0899538361571257,3.2036079448449435,46.49280623608018,2.9392143397008215,42.65575723830735,14.512639198218263
Dissolved Iron (CalCOFI Cruise)_2.csv,2004-03-23-C-32NM,3/28/2004,32.417,-119.958,0.0,0.38,0.003089737,0.0030765,0.001426002,0.000126822,occci,1.004302616609784,2.166712949911711,24.362784059548027,2.157430354235127,24.258409424232383,11.24412168235795
Dissolved Iron (CalCOFI Cruise)_2.csv,2004-03-23-C-32NM,3/29/2004,32.653,-119.482,0.0,0.55,0.004299362,0.003743115,0.001700008,0.000188137,occci,1.14860537279779,2.5290245692961446,22.852293807172433,2.2018219914259225,19.895687716929682,9.03601099198988
Dissolved Iron (CalCOFI Cruise)_2.csv,2004-03-23-C-32NM,3/29/2004,33.187,-118.39,0.0,0.22,0.004748861,0.004202864,0.0014085,8.5e-05,occci,1.129910698990022,3.3715733049343273,55.86895294117647,2.983929002484913,49.44545882352941,16.570588235294117
Dissolved Iron (CalCOFI Cruise)_2.csv,2004-03-23-C-32NM,3/29/2004,33.418,-117.902,0.0,0.39,0.005080723,0.004064468,0.001586669,9.68e-05,occci,1.2500339527829964,3.202131635520704,52.48680785123967,2.5616357286869538,41.98830578512397,16.391208677685952
Dissolved Iron (CalCOFI Cruise)_2.csv,2004-03-23-C-32NM,3/30/2004,33.488,-119.317,0.0,0.31,0.003333411,0.00335424,0.001825977,0.000147187,occci,0.9937902475672582,1.8255492812888663,22.647455277979713,1.8369563252987307,22.788969134502366,12.40583067798107
Dissolved Iron (CalCOFI Cruise)_2.csv,2004-03-23-C-32NM,4/3/2004,33.578,-120.757,0.0,0.58,0.002952173,0.002843594,0.001583144,0.00016146,occci,1.0381837210234655,1.8647533010263122,18.28423758206367,1.7961688892482301,17.611755233494364,9.805177753003841
Dissolved Iron (CalCOFI Cruise)_2.csv,2004-03-23-C-32NM,4/3/2004,33.747,-120.415,0.0,2.6,0.002416121,0.002427161,0.001685134,0.000209488,occci,0.99545147602487,1.4337856811387104,11.533457763690521,1.4403370889199316,11.586157679676164,8.04405980294814
Dissolved Iron (CalCOFI Cruise)_2.csv,2004-03-23-C-32NM,4/3/2004,33.873,-120.133,0.0,3.0,0.0023157,0.002605519,0.002229639,0.000280229,occci,0.8887672667134647,1.038598625158602,8.263598699634942,1.1685833446580367,9.29782071091857,7.956489157082243
Dissolved Iron (CalCOFI Cruise)_2.csv,2004-03-23-C-32NM,4/4/2004,34.273,-120.028,0.0,2.2,0.003058778,0.003267763,0.00285186,0.000429124,occci,0.9360464635899237,1.0725554550363623,7.127958352364351,1.1458357002096877,7.614962108854317,6.6457713854270555
Dissolved Iron (CalCOFI Cruise)_2.csv,2004-03-23-C-32NM,4/4/2004,34.45,-120.525,0.0,2.8,0.002009463,0.00224027,0.002455902,0.000317152,occci,0.896973579077522,0.8182179093465456,6.335961936232469,0.9121984509153868,7.063710775905559,7.743611895873271
Dissolved Iron (CalCOFI Cruise)_2.csv,2003-04-03-C-33RR,4/17/2003,34.15,-121.152,0.0,0.16,0.00164461,0.001958436,0.002202534,0.000464545,occci,0.8397568263655284,0.7466899489406292,3.540259824128986,0.8891740150208806,4.215815475357608,4.741271566801924
Dissolved Iron (CalCOFI Cruise)_2.csv,2003-04-03-C-33RR,4/19/2003,34.888,-121.198,0.0,0.16,0.001401481,0.001959392,0.002094025,0.000419282,occci,0.7152632040959644,0.6692761547737014,3.3425737331915037,0.9357061162116022,4.673208007975539,4.994311704294484
Dissolved Iron (CalCOFI Cruise)_2.csv,2003-04-03-C-33RR,4/19/2003,35.02,-120.918,0.0,0.28,0.00117465,0.00174175,0.002387874,0.000658009,occci,0.6744079230658819,0.4919229406576729,1.7851579537665898,0.729414533597669,2.6470002689932812,3.62893820601238
Dissolved Iron (CalCOFI Cruise)_2.csv,2003-04-03-C-33RR,4/19/2003,35.088,-120.778,0.0,3.47,0.001464401,0.001935234,0.002552421,0.000388405,occci,0.7567048739325579,0.5737301957631598,3.770293894259858,0.7581954544332616,4.98251567307321,6.571545165484482
Dissolved Iron (CalCOFI Cruise)_2.csv,2003-01-30-C-31JD,1/31/2003,32.51,-118.215,0.0,1.57,0.005101054,0.004033027,0.001223211,0.00012982,occci,1.2648201958479326,4.170215931674911,39.293283007240795,3.2970820242787218,31.066299491603758,9.42236173162841
Dissolved Iron (CalCOFI Cruise)_2.csv,2003-01-30-C-31JD,1/31/2003,32.908,-117.397,0.0,4.0,0.004790531,0.003941978,0.00138778,9.87e-05,occci,1.2152607142911502,3.4519383475767054,48.53628166160081,2.8404920088198415,39.938986828774055,14.060587639311043
Dissolved Iron (CalCOFI Cruise)_2.csv,2003-01-30-C-31JD,1/31/2003,32.845,-117.533,0.0,1.57,0.004544916,0.003873449,0.001404852,0.000120584,occci,1.17335119166407,3.235156443525724,37.69087109400916,2.7571936403265256,32.122412592052015,11.650401379950907
Dissolved Iron (CalCOFI Cruise)_2.csv,2003-01-30-C-31JD,2/6/2003,33.418,-117.902,0.0,1.31,0.00525951,0.004592883,0.001903637,0.000174256,occci,1.1451434752420213,2.762874434569196,30.182662289964192,2.4126884484804614,26.35710104673584,10.924369892571848
Dissolved Iron (CalCOFI Cruise)_2.csv,2003-01-30-C-31JD,2/5/2003,33.187,-118.39,0.0,0.45,0.00449181,0.003670825,0.001218317,9.65e-05,occci,1.2236513590269218,3.686897580843081,46.54725388601036,3.0130294496424166,38.03963730569948,12.625046632124352
Dissolved Iron (CalCOFI Cruise)_2.csv,2003-01-30-C-31JD,2/6/2003,33.483,-117.767,0.0,2.28,0.003672024,0.003667988,0.00236546,0.000229646,occci,1.0011003307535358,1.552350916946387,15.989932330630623,1.5506446949007806,15.972357454516953,10.300462450902693
Dissolved Iron (CalCOFI Cruise)_2.csv,2003-01-30-C-31JD,2/6/2003,33.888,-118.492,0.0,4.44,0.002916824,0.003065589,0.002286816,0.000293469,occci,0.9514726207590124,1.2754957110672656,9.939121338199266,1.340549042861341,10.446040297271605,7.792359670016255
Dissolved Iron (CalCOFI Cruise)_2.csv,2002-11-10-C-32NM,11/12/2002,31.85,-119.567,0.0,0.24,0.00502942,0.004142329,0.001300709,0.000128669,occci,1.214152714571923,3.8666757898961257,39.088047626079316,3.1846700530249272,32.1936830161111,10.108953982699795
Dissolved Iron (CalCOFI Cruise)_2.csv,2002-11-10-C-32NM,11/11/2002,32.908,-117.397,0.0,0.31,0.00368538,0.00351431,0.001502984,0.000184272,occci,1.0486781188910483,2.452042070973477,19.999674394373535,2.338221830704785,19.071318485716766,8.156334114786837
Dissolved Iron (CalCOFI Cruise)_2.csv,2002-11-10-C-32NM,11/14/2002,30.747,-123.333,0.0,0.13,0.007057637,0.005256037,0.001353637,0.000151607,occci,1.3427677544887908,5.213832807466108,46.55218426589801,3.882899920732072,34.66882795649277,8.928591687718905
Dissolved Iron (CalCOFI Cruise)_2.csv,2002-11-10-C-32NM,11/15/2002,31.417,-121.99,0.0,0.07,0.007444885,0.00546585,0.001461188,0.000138203,occci,1.3620726876880997,5.095090433263892,53.869199655579116,3.740689083129618,39.54943090960399,10.572766148346997
Dissolved Iron (CalCOFI Cruise)_2.csv,2002-11-10-C-32NM,11/15/2002,31.748,-121.313,0.0,0.19,0.006327155,0.005004236,0.001592049,0.000179346,occci,1.2643598343483402,3.97422127082772,35.279041629029926,3.1432675753070414,27.902690888004194,8.87696965641832
Dissolved Iron (CalCOFI Cruise)_2.csv,2002-11-10-C-32NM,11/19/2002,31.99,-122.395,0.0,0.14,0.006973265,0.004783319,0.001119539,7.98e-05,occci,1.457829803949935,6.228693238913518,87.3842731829574,4.272579159814889,59.94134085213033,14.029310776942355
Dissolved Iron (CalCOFI Cruise)_2.csv,2002-11-10-C-32NM,11/18/2002,32.995,-120.347,0.0,0.12,0.003903745,0.003430943,0.001460293,0.000160779,occci,1.1378052622850336,2.673261461912096,24.280192064884098,2.3494894517744043,21.3394970736228,9.082610291144988
Dissolved Iron (CalCOFI Cruise)_2.csv,2002-11-10-C-32NM,11/18/2002,33.322,-119.667,0.0,0.3,0.003251096,0.003114334,0.001683815,0.000221589,occci,1.0439137228055824,1.930791684359624,14.671739120624219,1.849570172495197,14.054551444340648,7.598820338554711
Dissolved Iron (CalCOFI Cruise)_2.csv,2002-11-10-C-32NM,11/21/2002,33.747,-120.415,0.0,0.13,0.005965053,0.004975365,0.001835879,0.0001978,occci,1.1989176673470188,3.249153675160509,30.15699191102123,2.710072395838724,25.153513650151666,9.28149140546006
Dissolved Iron (CalCOFI Cruise)_2.csv,2002-11-10-C-32NM,11/22/2002,34.18,-119.508,0.0,4.75,0.003156972,0.002953083,0.001669575,0.000160849,occci,1.0690427597192493,1.890883608103859,19.626929604784614,1.768763308027492,18.359349451970484,10.379766116046728
Dissolved Iron (CalCOFI Cruise)_2.csv,2002-11-10-C-32NM,11/21/2002,34.227,-119.408,0.0,1.81,0.002519399,0.002761905,0.001942192,0.000254385,occci,0.9121961110175767,1.297193583332647,9.903881911276216,1.4220555949154357,10.857184975529217,7.634852683923974
Dissolved Iron (CalCOFI Cruise)_2.csv,2002-11-10-C-32NM,11/22/2002,34.273,-120.028,0.0,1.05,0.003538936,0.003623063,0.002595187,0.000372392,occci,0.9767801443143549,1.3636535633077693,9.503254634900857,1.3960701097839963,9.729164428881395,6.9689654987217775
Dissolved Iron (CalCOFI Cruise)_2.csv,2002-11-10-C-32NM,11/25/2002,34.718,-121.55,0.0,0.24,0.003606219,0.003453157,0.002176599,0.000342835,occci,1.0443252362982627,1.6568136804252873,10.518818090335001,1.5864920456179572,10.072358423148161,6.348823778202342
Dissolved Iron (CalCOFI Cruise)_2.csv,2002-11-10-C-32NM,11/25/2002,34.888,-121.198,0.0,0.17,0.003123958,0.003244006,0.002385585,0.000430465,occci,0.9629939032171951,1.3095144377584533,7.257170733973727,1.3598366857605158,7.536050549986642,5.541879130707491
Dissolved Iron (CalCOFI Cruise)_2.csv,2002-11-10-C-32NM,11/25/2002,35.02,-120.918,0.0,0.52,0.003338828,0.003182009,0.002113088,0.000350906,occci,1.0492830158557063,1.5800704939879455,9.514878628464603,1.505857304570373,9.067981168746046,6.021806409693764
Dissolved Iron (CalCOFI Cruise)_2.csv,2002-11-10-C-32NM,11/25/2002,35.088,-120.778,0.0,7.75,0.003412866,0.003564278,0.002344623,0.000269737,occci,0.957519587417143,1.4556139729073714,12.652568983862059,1.5201923720785815,13.213900947960422,8.69225578989905
Dissolved Iron (CalCOFI Cruise)_2.csv,2003-04-03-C-33RR,4/16/2003,34.18,-119.508,0.0,0.34,0.002097341,0.002526067,0.002747721,0.000490298,occci,0.8302792443747533,0.763302023749864,4.277686223480414,0.9193316934288452,5.152105454233955,5.604185617726362
Dissolved Iron (CalCOFI Cruise)_2.csv,2003-04-03-C-33RR,4/15/2003,33.873,-120.133,0.0,3.08,0.001825977,0.002035652,0.002217552,0.000318779,occci,0.8969986029046221,0.8234201497867919,5.728034155323908,0.9179726112397817,6.385778235078221,6.956392986990987
Dissolved Iron (CalCOFI Cruise)_2.csv,2003-04-03-C-33RR,4/15/2003,33.747,-120.415,0.0,0.34,0.002203959,0.002436555,0.002396073,0.000416358,occci,0.9045389905009328,0.9198213076145845,5.293422967734498,1.0168951446804835,5.852067211390199,5.754838384275071
Dissolved Iron (CalCOFI Cruise)_2.csv,2003-04-03-C-33RR,4/15/2003,33.578,-120.757,0.0,0.49,0.002278955,0.002475356,0.002179649,0.000327485,occci,0.9206574731068985,1.0455605466751756,6.95895995236423,1.1356672565169896,7.558685130616669,6.65572163610547
Dissolved Iron (CalCOFI Cruise)_2.csv,2003-04-03-C-33RR,4/15/2003,33.245,-121.438,0.0,0.05,0.005354709,0.00457937,0.00174462,0.000140609,occci,1.1693112808093689,3.0692695257419955,38.08226358198977,2.624852403388704,32.56811441657362,12.407598375637404
Dissolved Iron (CalCOFI Cruise)_2.csv,2003-04-03-C-33RR,4/11/2003,33.322,-119.667,0.0,1.97,0.001529256,0.00178917,0.002423205,0.000592271,occci,0.8547292878820906,0.6310881662921627,2.5820207303751155,0.7383485920506108,3.020863760001756,4.091378777620379
Dissolved Iron (CalCOFI Cruise)_2.csv,2003-04-03-C-33RR,4/10/2003,33.418,-117.902,0.0,0.76,0.005862357,0.005010048,0.002636341,0.000423232,occci,1.1701199269947116,2.223671748078113,13.851403013004688,1.9003793515330527,11.837592620595796,6.229068217904128
Dissolved Iron (CalCOFI Cruise)_2.csv,2003-04-03-C-33RR,4/10/2003,32.653,-119.482,0.0,0.51,0.005061904,0.004539543,0.00293474,0.000414951,occci,1.115069071930809,1.7248219603780914,12.198799376311902,1.5468297021201198,10.9399495362103,7.072497716597863
Dissolved Iron (CalCOFI Cruise)_2.csv,2003-04-03-C-33RR,4/5/2003,32.95,-117.307,0.0,2.3,0.003070798,0.003249654,0.002724499,0.000303035,occci,0.9449615251346759,1.1271055706021547,10.133476331116867,1.1927528694266358,10.723691982774266,8.990707344036167
Dissolved Iron (CalCOFI Cruise)_2.csv,2003-04-03-C-33RR,4/5/2003,32.908,-117.397,0.0,0.62,0.003056171,0.002847667,0.001585293,0.000111549,occci,1.0732192352546839,1.9278272218447945,27.39756519556428,1.7963032701210437,25.528395592968113,14.21162897022833
Dissolved Iron (CalCOFI Cruise)_2.csv,2003-04-03-C-33RR,4/5/2003,32.845,-117.533,0.0,0.47,0.004123553,0.003531591,0.001505557,0.000124122,occci,1.1676190702717275,2.738888663796854,33.22177373874092,2.3457039487711193,28.452578914294,12.129654694574693
Dissolved Iron (CalCOFI Cruise)_2.csv,2004-03-23-C-32NM,3/26/2004,30.512,-122.255,0.0,0.18,0.009328175,0.006269565,0.001555393,8.95e-05,occci,1.4878504330045224,5.997310647534095,104.2254189944134,4.0308558672952755,70.05100558659218,17.378692737430168
Dissolved Iron (CalCOFI Cruise)_2.csv,2004-07-12-C-31JD,7/14/2004,32.18,-118.893,0.0,0.22,0.005981978,0.00558633,0.002738717,0.000175244,occci,1.0708243157851398,2.184226409665548,34.13513729428682,2.0397616840294197,31.87743945584442,15.628021501449409
Dissolved Iron (CalCOFI Cruise)_2.csv,2004-07-12-C-31JD,7/18/2004,32.417,-119.958,0.0,0.17,0.00654962,0.005309533,0.001933402,3.09e-05,occci,1.2335585822707948,3.387614164048656,211.96181229773464,2.746212634516774,171.82954692556635,62.56964401294499
Dissolved Iron (CalCOFI Cruise)_2.csv,2004-07-12-C-31JD,7/18/2004,32.653,-119.482,0.0,0.31,0.006950887,0.005691029,0.002213001,0.000128436,occci,1.2213761342632412,3.1409326068989576,54.1194602759351,2.5716341745891667,44.31023233361363,17.230379332897318
Dissolved Iron (CalCOFI Cruise)_2.csv,2004-07-12-C-31JD,7/19/2004,33.418,-117.902,0.0,0.26,0.005070007,0.00427653,0.001603029,9.37e-05,occci,1.1855422503758888,3.1627668619844056,54.108932764140874,2.6677808074588794,45.640661686232654,17.108100320170756
Dissolved Iron (CalCOFI Cruise)_2.csv,2004-07-12-C-31JD,7/19/2004,33.483,-117.767,0.0,0.74,0.003328116,0.003190973,0.001817227,0.000148364,occci,1.0429784269562918,1.8314255731397342,22.432099431128844,1.7559572909713537,21.507730985953465,12.248436278342455
Dissolved Iron (CalCOFI Cruise)_2.csv,2004-07-12-C-31JD,7/20/2004,33.488,-119.317,0.0,0.46,0.003960161,0.003432428,0.001395432,9.6e-05,occci,1.1537491827942203,2.837946241737326,41.251677083333334,2.459760131629488,35.75445833333333,14.53575
Dissolved Iron (CalCOFI Cruise)_2.csv,2004-07-12-C-31JD,7/19/2004,33.823,-118.63,0.0,0.54,0.004917731,0.004174393,0.001605492,0.00010781,occci,1.1780709195324923,3.0630678944522924,45.614794545960486,2.60007088169857,38.71990538911047,14.891865318616084
Dissolved Iron (CalCOFI Cruise)_2.csv,2004-07-12-C-31JD,7/19/2004,33.888,-118.492,0.0,1.3,0.003413457,0.003347624,0.0018668,0.000140658,occci,1.019665589683907,1.8285070709235054,24.26777716162607,1.7932419112920506,23.79974121628347,13.271907747870722
Dissolved Iron (CalCOFI Cruise)_2.csv,2004-07-12-C-31JD,7/24/2004,34.227,-119.408,0.0,0.5,0.003975457,0.003973464,0.002835562,0.000403761,occci,1.000501577464902,1.4019996741386718,9.846064875012694,1.401296815234511,9.841128786584143,7.022872441865361
Dissolved Iron (CalCOFI Cruise)_2.csv,2004-07-12-C-31JD,7/24/2004,34.273,-120.028,0.0,1.2,0.002685179,0.002628802,0.001677231,0.000160389,occci,1.0214458905615562,1.6009595577472633,16.741665575569396,1.5673464179948975,16.390163913984125,10.457269513495314
Dissolved Iron (CalCOFI Cruise)_2.csv,2004-07-12-C-31JD,7/24/2004,34.45,-120.525,0.0,4.0,0.004080303,0.003649885,0.0022671,0.000136753,occci,1.1179264552170824,1.799789599047241,29.83702734126491,1.609935600546954,26.68961558430162,16.578064100970362
Moore_Braucher_2007_0067344_2.csv,Moore_Braucher_2007,7/26/2003,31.13,-64.92,0.5,1.3,0.014480302,0.008114835,0.001699624,0.000107627,occci,1.7844234664044307,8.519709065063802,134.54153697492265,4.774488357424937,75.39776264320292,15.79179945552696
Moore_Braucher_2007_0067344_2.csv,Moore_Braucher_2007,7/28/2003,31.28,-64.88,0.5,1.13,0.014414176,0.008260377,0.001831533,3.92e-05,occci,1.7449779834503925,7.870006164235098,367.7085714285715,4.510089089303878,210.7239030612245,46.722780612244904
Moore_Braucher_2007_0067344_2.csv,Moore_Braucher_2007,8/4/2003,31.28,-65.47,0.5,1.46,0.013325119,0.007339575,0.001551642,0.000119019,occci,1.8155164297660287,8.587753489529156,111.95791428259353,4.7301987185188334,61.66725480805586,13.036926877221285
Moore_Braucher_2007_0067344_2.csv,Moore_Braucher_2007,4/29/2004,31.43,-63.43,0.5,0.14,0.009557698,0.006658718,0.001625219,9.58e-05,occci,1.4353660869855127,5.880867747669699,99.7672025052192,4.097120449613252,69.50645093945721,16.96470772442589
Moore_Braucher_2007_0067344_2.csv,Moore_Braucher_2007,4/29/2004,31.43,-63.43,0.5,0.15,0.009557698,0.006658718,0.001625219,9.58e-05,occci,1.4353660869855127,5.880867747669699,99.7672025052192,4.097120449613252,69.50645093945721,16.96470772442589
Moore_Braucher_2007_0067344_2.csv,Moore_Braucher_2007,4/30/2004,31.42,-63.42,0.5,0.1,0.010991802,0.007533552,0.001891933,8.23e-05,occci,1.4590464099803122,5.809826246489702,133.55773997569867,3.9819338211236865,91.53769137302552,22.98825030376671
Moore_Braucher_2007_0067344_2.csv,Moore_Braucher_2007,4/30/2004,31.42,-63.42,0.5,0.15,0.010991802,0.007533552,0.001891933,8.23e-05,occci,1.4590464099803122,5.809826246489702,133.55773997569867,3.9819338211236865,91.53769137302552,22.98825030376671
CCE_LTER_Dissolved Iron (Process Cruise).csv,P1106MV,7/3/2011,33.82482,-121.7257,1.0,0.59182294,0.004741625,0.004103358,0.001693765,7.82e-05,occci,1.1555474808681085,2.7994586025806414,60.63459079283887,2.4226253346833824,52.47260869565217,21.659398976982096
CCE_LTER_Dissolved Iron (Process Cruise).csv,P1106MV,7/3/2011,33.83633,-121.7088,1.0,0.39691858,0.004807249,0.004107548,0.001722703,9.16e-05,occci,1.1703451791677177,2.7905268638877394,52.48088427947599,2.384362249325624,44.84222707423581,18.806801310043667
CCE_LTER_Dissolved Iron (Process Cruise).csv,P1106MV,7/3/2011,33.84742,-121.6931,1.0,0.14194246,0.004868656,0.004147744,0.001700258,8.86e-05,occci,1.173808219600824,2.863480718808557,54.95097065462754,2.4394791849237,46.81426636568849,19.190270880361176
CCE_LTER_Dissolved Iron (Process Cruise).csv,P1106MV,7/3/2011,33.85985,-121.6746,1.0,0.25419334,0.004954305,0.004152614,0.001702643,8.84e-05,occci,1.193056951597235,2.9097732172863013,56.0441742081448,2.438922310783881,46.975271493212674,19.26066742081448
CCE_LTER_Dissolved Iron (Process Cruise).csv,P1106MV,7/3/2011,33.88623,-121.6392,1.0,0.09919066,0.004885578,0.004107353,0.001716378,9.2e-05,occci,1.1894711752313472,2.846446412153966,53.10410869565217,2.3930352171840936,44.64514130434783,18.65628260869565
CCE_LTER_Dissolved Iron (Process Cruise).csv,P1706,6/8/2017,34.88445,-121.4259,1.0,5.457567699,0.002512245,0.002945901,0.003164168,0.000469715,occci,0.8527934238115946,0.7939670080728962,5.348445333872668,0.9310191494256941,6.271677506573135,6.736357152741556
GEOTRACES_IDP2021_Seawater_Discrete_Sample_Data_v1.csv,GI01,4/10/2014,-8.49846,80.802,2.0,0.205854,0.008493756,0.005603833,0.00129903,7.25e-05,occci,1.5157046971242718,6.538537216230572,117.15525517241379,4.313859572142291,77.29424827586207,17.917655172413795
GEOTRACES_IDP2021_Seawater_Discrete_Sample_Data_v1.csv,GI03,5/4/2013,13.4981,91.0018,2.0,0.509,0.009766774,0.006383723,0.001533152,6.04e-05,occci,1.529949529451701,6.370388585084845,161.70155629139074,4.163790022124355,105.69077814569536,25.383311258278148
Moore_Braucher_2007_0067344_2.csv,Moore_Braucher_2007,8/8/2002,36.41,-122.22,2.0,0.22,0.001519208,0.001972323,0.001959014,0.00031507,occci,0.7702632885181586,0.7754962445393448,4.821811026121179,1.0067937237814533,6.259951756752468,6.217710350080934
Moore_Braucher_2007_0067344_2.csv,Moore_Braucher_2007,10/8/2002,36.41,-122.22,2.0,0.46,0.003117394,0.002869167,0.001889422,0.000285495,occci,1.0865153544565374,1.64991939333828,10.919259531690573,1.5185421785075013,10.04979771974991,6.618056358254961
Moore_Braucher_2007_0067344_2.csv,Moore_Braucher_2007,1/6/2003,36.41,-122.22,2.0,0.32,0.002048303,0.002479358,0.001462179,0.000156171,occci,0.8261424933390015,1.4008565298776687,13.11577053358178,1.695659696931771,15.875918064173247,9.36267937068982
Moore_Braucher_2007_0067344_2.csv,Moore_Braucher_2007,3/6/2003,36.41,-122.22,2.0,0.51,0.002978098,0.003101785,0.001969429,0.000257226,occci,0.960123928641089,1.5121631701371312,11.577748750126348,1.57496665277093,12.058598275446496,7.656414981378243
Moore_Braucher_2007_0067344_2.csv,Moore_Braucher_2007,5/12/2003,36.41,-122.22,2.0,0.54,0.003336324,0.003196386,0.002108743,0.000279163,occci,1.0437800691155574,1.5821387433177014,11.95116831385248,1.5157778828430015,11.449891282154152,7.553805482818282
Moore_Braucher_2007_0067344_2.csv,Moore_Braucher_2007,6/24/2003,36.41,-122.22,2.0,0.33,0.002036539,0.002197735,0.002454473,0.00053546,occci,0.9266535774331299,0.8297255663435694,3.803344787659209,0.8953999493985064,4.104386882306802,4.583858738281104
Moore_Braucher_2007_0067344_2.csv,Moore_Braucher_2007,8/21/2003,36.41,-122.22,2.0,0.65,0.006066684,0.004973917,0.002005949,0.000152049,occci,1.2196994843299558,3.024346082577374,39.89953238758558,2.4795829804247265,32.71259265105328,13.192779959092135
Moore_Braucher_2007_0067344_2.csv,Moore_Braucher_2007,9/17/2003,36.41,-122.22,2.0,0.29,0.004852118,0.004060917,0.001505223,0.00012789,occci,1.1948330881916571,3.223521033096093,37.93977637031824,2.697883968023343,31.75320197044335,11.769669247009148
Moore_Braucher_2007_0067344_2.csv,Moore_Braucher_2007,10/8/2003,36.41,-122.22,2.0,0.7,0.001582901,0.001803291,0.001820994,0.00034006,occci,0.8777845616708563,0.8692510793555608,4.6547697465153215,0.9902783864197247,5.3028612597776865,5.354919720049403
Moore_Braucher_2007_0067344_2.csv,Moore_Braucher_2007,11/18/2003,36.41,-122.22,2.0,0.42,0.00280283,0.002613927,0.001462489,0.000169884,occci,1.0722678942449426,1.9164793718106599,16.49849308940218,1.7873139558656508,15.386540227449316,8.608750676932495
Moore_Braucher_2007_0067344_2.csv,Moore_Braucher_2007,12/18/2003,36.41,-122.22,2.0,0.51,0.002833114,0.002830723,0.001796523,0.000281127,occci,1.0008446605337222,1.5769984575761067,10.07770153702775,1.5756675533795002,10.069196484151291,6.390432082297325
Moore_Braucher_2007_0067344_2.csv,Moore_Braucher_2007,1/21/2004,36.41,-122.22,2.0,0.45,0.003729824,0.004060534,0.002921699,0.000443536,occci,0.9185550471933002,1.2765942008399909,8.409292594062263,1.3897851900555123,9.154914144511382,6.587287164965188
Moore_Braucher_2007_0067344_2.csv,Moore_Braucher_2007,2/18/2004,36.41,-122.22,2.0,2.59,0.004036676,0.003403038,0.001977381,0.000389574,occci,1.1861977444859564,2.0414255017116076,10.361769522606746,1.7209824510299232,8.73528007515902,5.075751975234486
Moore_Braucher_2007_0067344_2.csv,Moore_Braucher_2007,3/10/2004,36.41,-122.22,2.0,0.75,0.003383228,0.00447668,0.004917091,0.000973567,occci,0.7557448823681835,0.6880547868648352,3.4750849196819527,0.9104326114769892,4.598224878205609,5.050593333586697
Moore_Braucher_2007_0067344_2.csv,Moore_Braucher_2007,5/3/2004,36.41,-122.22,2.0,0.32,0.003339345,0.002989853,0.001477794,9.21e-05,occci,1.116892703420536,2.2596823373217108,36.25781758957655,2.0231865875758057,32.46311617806732,16.045537459283388
Moore_Braucher_2007_0067344_2.csv,Moore_Braucher_2007,9/8/2004,36.41,-122.22,2.0,0.48,0.001557364,0.00208919,0.003081853,0.000734878,occci,0.7454391414854562,0.5053336418057578,2.119214345782565,0.6779006007100273,2.8429072580754897,4.193693374954754
Moore_Braucher_2007_0067344_2.csv,Moore_Braucher_2007,11/30/2004,36.41,-122.22,2.0,1.43,0.002059245,0.002186837,0.001515848,0.000257511,occci,0.9416545448974935,1.3584772351845302,7.996726353437329,1.4426492629867902,8.492208099848163,5.886536885802937
Moore_Braucher_2007_0067344_2.csv,Moore_Braucher_2007,12/13/2004,36.41,-122.22,2.0,0.13,0.004144241,0.003321993,0.001952076,0.000261936,occci,1.247516475802327,2.122991625326063,15.821578553539796,1.7017744186189472,12.682460601062855,7.452492211838007
Moore_Braucher_2007_0067344_2.csv,Moore_Braucher_2007,9/8/2002,36.44,-122.1,2.0,0.43,0.002052364,0.002394701,0.001911207,0.000269112,occci,0.8570439482841491,1.0738575151723493,7.626430631112696,1.252978353469823,8.898529236897648,7.101901810398644
Moore_Braucher_2007_0067344_2.csv,Moore_Braucher_2007,10/8/2002,36.44,-122.1,2.0,0.3,0.002541745,0.002495331,0.001916426,0.000385153,occci,1.0186003379912325,1.3262943625269121,6.599312481014039,1.3020753214577552,6.478804527032114,4.975752493165054
Moore_Braucher_2007_0067344_2.csv,Moore_Braucher_2007,10/28/2002,36.44,-122.1,2.0,0.35,0.003083603,0.003148139,0.002345028,0.000280801,occci,0.9795002698419606,1.3149535954368137,10.981453057503355,1.3424739491383473,11.211281298855772,8.351209575464473
Moore_Braucher_2007_0067344_2.csv,Moore_Braucher_2007,11/26/2002,36.44,-122.1,2.0,2.21,0.002271686,0.002398484,0.001539394,0.000201954,occci,0.947134106377195,1.4757014773345878,11.24853184388524,1.5580702536192816,11.87638769224675,7.6224981926577335
Moore_Braucher_2007_0067344_2.csv,Moore_Braucher_2007,1/6/2003,36.44,-122.1,2.0,0.95,0.00189816,0.002418443,0.00156306,0.000140618,occci,0.7848686117473102,1.2143871636405512,13.498698601885962,1.5472489859634309,17.19867300061159,11.115646645521911
Moore_Braucher_2007_0067344_2.csv,Moore_Braucher_2007,3/6/2003,36.44,-122.1,2.0,0.76,0.002833255,0.002908161,0.001643015,0.000148693,occci,0.9742428290593265,1.7244243053167498,19.054393952640673,1.7700148811788083,19.558156739052947,11.0497131673986
Moore_Braucher_2007_0067344_2.csv,Moore_Braucher_2007,3/27/2003,36.44,-122.1,2.0,2.04,0.001254691,0.001521857,0.001586614,0.000198732,occci,0.8244473692337717,0.7907978878290498,6.31348247891633,0.959185409935876,7.6578356781997865,7.983686572872009
Moore_Braucher_2007_0067344_2.csv,Moore_Braucher_2007,5/12/2003,36.44,-122.1,2.0,2.56,0.003451038,0.003491038,0.002228286,0.000234716,occci,0.9885420897738724,1.5487410502960572,14.703036861568876,1.5666920673558062,14.873455580360949,9.49354113055778
Moore_Braucher_2007_0067344_2.csv,Moore_Braucher_2007,6/24/2003,36.44,-122.1,2.0,0.75,0.001965666,0.002208907,0.00234159,0.000476955,occci,0.8898817378911833,0.8394578043124543,4.121281881938548,0.9433363654610755,4.6312691973037285,4.909456867000032
Moore_Braucher_2007_0067344_2.csv,Moore_Braucher_2007,8/21/2003,36.44,-122.1,2.0,0.97,0.005575111,0.004516389,0.002223106,0.000184883,occci,1.2344178059064443,2.50780259690721,30.154806012451118,2.031567095766014,24.428362802420992,12.024393805812323
Moore_Braucher_2007_0067344_2.csv,Moore_Braucher_2007,9/17/2003,36.44,-122.1,2.0,0.25,0.004813163,0.004024379,0.001510721,5.65e-05,occci,1.1960014203433622,3.186003901448381,85.18872566371681,2.663879697177705,71.22794690265486,26.738424778761065
Moore_Braucher_2007_0067344_2.csv,Moore_Braucher_2007,10/8/2003,36.44,-122.1,2.0,0.9,0.002027263,0.002055982,0.002115091,0.000499523,occci,0.9860314924936113,0.9584755454966241,4.058397711416692,0.9720536846877984,4.115890559593852,4.234221447260687
Moore_Braucher_2007_0067344_2.csv,Moore_Braucher_2007,11/18/2003,36.44,-122.1,2.0,0.41,0.001871423,0.001911345,0.001826155,0.000504617,occci,0.979113137607287,1.024788695373613,3.708600780393844,1.0466499284014774,3.787714246646467,3.6188931407384217
Moore_Braucher_2007_0067344_2.csv,Moore_Braucher_2007,12/18/2003,36.44,-122.1,2.0,1.5,0.002859142,0.002927474,0.001880567,0.000288713,occci,0.9766583751042708,1.5203616781534504,9.903059439651141,1.5566975279264177,10.139737386262482,6.51362079296741
Moore_Braucher_2007_0067344_2.csv,Moore_Braucher_2007,1/21/2004,36.44,-122.1,2.0,0.42,0.004665978,0.004905742,0.003162938,0.00043012,occci,0.9511258439599963,1.4752037504370936,10.84808425555659,1.5510079552618483,11.405519389937693,7.353617595089743
Moore_Braucher_2007_0067344_2.csv,Moore_Braucher_2007,3/10/2004,36.44,-122.1,2.0,1.16,0.00322239,0.003777686,0.003257152,0.000538538,occci,0.8530063112709737,0.9893274860982846,5.983588901804516,1.159812621578606,7.014706483107971,6.048137735870078
Moore_Braucher_2007_0067344_2.csv,Moore_Braucher_2007,5/25/2004,36.44,-122.1,2.0,0.69,0.00163144,0.001812114,0.002226525,0.000525031,occci,0.9002965597087159,0.7327292529839099,3.107321281981445,0.8138754336915148,3.4514419148583606,4.240749593833507
Moore_Braucher_2007_0067344_2.csv,Moore_Braucher_2007,6/15/2004,36.44,-122.1,2.0,0.68,0.001372591,0.001930632,0.002002542,0.000213732,occci,0.7109542367473449,0.6854243256820581,6.422019164186926,0.964090640795549,9.032957161304811,9.369406546516197
Moore_Braucher_2007_0067344_2.csv,Moore_Braucher_2007,9/8/2004,36.44,-122.1,2.0,0.94,0.001621555,0.002072342,0.0027645,0.00064127,occci,0.7824746108509116,0.5865635738831615,2.5286618740935958,0.7496263338759269,3.2316216258362314,4.310976655698847
Moore_Braucher_2007_0067344_2.csv,Moore_Braucher_2007,11/30/2004,36.44,-122.1,2.0,1.42,0.00247567,0.00241272,0.001650276,0.000290348,occci,1.0260908849762924,1.500155125566875,8.526561229972309,1.4620099910560416,8.309752435009024,5.68378635292821
Moore_Braucher_2007_0067344_2.csv,Moore_Braucher_2007,12/13/2004,36.44,-122.1,2.0,0.31,0.003563612,0.003096019,0.001930572,0.000180875,occci,1.1510304038831802,1.8458840177936902,19.70207049067035,1.603679634843974,17.116898410504493,10.673514858327575
GEOTRACES_IDP2021_Seawater_Discrete_Sample_Data_v1.csv,GIPY05,2/13/2008,-42.3413,8.99384,3.6,0.35122,0.008028258,0.006278265,0.001765115,0.000193407,occci,1.2787383138494473,4.548291754361614,41.509655803564506,3.5568589015446586,32.461415564069554,9.126427688759973
GEOTRACES_IDP2021_Seawater_Discrete_Sample_Data_v1.csv,GI02,5/10/2014,-12.001,64.9997,5.0,0.118852,0.008298762,0.005722229,0.001324876,8.18e-05,occci,1.4502673695862225,6.263802801167807,101.45185819070905,4.319067595759905,69.95389975550123,16.196528117359414
GEOTRACES_IDP2021_Seawater_Discrete_Sample_Data_v1.csv,GI02,5/14/2014,-5.26734,67.9001,5.0,0.204878,0.007814255,0.005229663,0.001222499,8.16e-05,occci,1.494217696245437,6.392033858514405,95.76292892156863,4.277846444046171,64.08900735294117,14.981605392156862
GEOTRACES_IDP2021_Seawater_Discrete_Sample_Data_v1.csv,GI02,5/19/2014,6.9978,64.9985,5.0,0.334992,0.008901513,0.00597619,0.001422107,9.1e-05,occci,1.4894963178881528,6.259383435986181,97.81882417582418,4.202349049684729,65.67241758241758,15.627549450549449
GEOTRACES_IDP2021_Seawater_Discrete_Sample_Data_v1.csv,GI03,4/23/2013,-6.5027,97.6657,5.0,0.241378,0.009004385,0.006026289,0.00136679,6.9e-05,occci,1.4941840658488168,6.587979865231674,130.49833333333333,4.409081863344039,87.33752173913044,19.808550724637684
GEOTRACES_IDP2021_Seawater_Discrete_Sample_Data_v1.csv,GI03,4/26/2013,-1.7569,94.3672,5.0,0.1397,0.010651484,0.00699391,0.001496688,0.000120031,occci,1.52296555145834,7.116703013587334,88.73944231073638,4.672924483927178,58.267530887853965,12.469178795477834
GEOTRACES_IDP2021_Seawater_Discrete_Sample_Data_v1.csv,GI03,4/28/2013,3.24583,92.9338,5.0,0.174963,0.009225324,0.006131979,0.00145732,7.95e-05,occci,1.5044611209529581,6.330335135728598,116.04181132075473,4.20770935690171,77.13181132075472,18.33106918238994
GEOTRACES_IDP2021_Seawater_Discrete_Sample_Data_v1.csv,GI05,10/3/2015,21.85,61.5,5.0,0.37561,0.004843283,0.003882286,0.001634332,0.000127121,occci,1.2475337983857966,2.9634633599537916,38.09978681728432,2.3754573734100535,30.540083857112513,12.856506792740774
GEOTRACES_IDP2021_Seawater_Discrete_Sample_Data_v1.csv,GI05,10/5/2015,17.85,61.2,5.0,0.589268,0.005130429,0.004361796,0.001969123,0.000161421,occci,1.1762193830247907,2.605438563258872,31.782909286895755,2.215095755826325,27.02124258925419,12.198679230087784
CCE_LTER_Dissolved Iron (Process Cruise).csv,P0605KN,5/16/2006,33.68134,-122.1983,5.0,0.41,0.007871339,0.005800101,0.001580131,0.000110872,occci,1.3571037814686329,4.981447107866373,70.99483187820188,3.6706456616571663,52.313487625369795,14.251848979002814
CCE_LTER_Dissolved Iron (Process Cruise).csv,P0605KN,5/17/2006,33.48837,-122.1226,5.0,0.57,0.00794581,0.00591396,0.001610482,8.5e-05,occci,1.3435684380685697,4.933808636172276,93.4801176470588,3.672167711281467,69.576,18.94684705882353
GEOTRACES_IDP2021_Seawater_Discrete_Sample_Data_v1.csv,GS01,2018-01-21,-53.1311,142.13901,13.9,0.0,0.0097360014915466,0.0083380006253719,0.0028319992125034,0.0002500005066394,s3a,1.1676661982874754,3.437854589987783,38.943927044075075,2.944210079070384,33.35193491187043,11.327973893222014
GEOTRACES_IDP2021_Seawater_Discrete_Sample_Data_v1.csv,GS01,2018-01-25,-57.8498,139.85001,12.9,0.141247,0.0094580017030239,0.0078800022602081,0.0026720017194747,0.0002020001411437,s3a,1.200253678959494,3.5396690182082997,46.82175789320669,2.9491007444999933,39.00988492182478,13.22772204190628
GEOTRACES_IDP2021_Seawater_Discrete_Sample_Data_v1.csv,GS01,2018-01-25,-58.8483,139.841,13.9,0.06507,0.0096840001642704,0.0078000016510486,0.0025859996676445,0.0002820007503032,s3a,1.2415382197987768,3.7447801271727266,34.34033474683457,3.016242325411186,27.6595067306106,9.17018718873655
GEOTRACES_IDP2021_Seawater_Discrete_Sample_Data_v1.csv,GS01,2018-02-10,-62.0,135.58099,12.9,0.076484,0.0074100010097026,0.0070220008492469,0.0031360015273094,5.6002289056777954e-05,s3a,1.0552549292980096,2.36288182425095,132.31603804962268,2.2391573435461867,125.38774695669386,55.9977383090531
